지점명_표준,종목,입점형태,오픈일,평형 수(전용면적),주차 시설,웨이트브랜드,웨이트기구,유산소_유무,유산소브랜드,트레드밀,GX_유무,GX프로그램,G.X,안마의자_유무,안마의자,스트레칭존_유무,스트레칭존,부대시설_유무,부대시설
가산역점,헬스·필라테스·골프,인수,2001-08-22,500평,주차가능 주차2시간 지원,"DRAX, 개선, 뉴텍, 버텍스, 아스날","뉴텍, 아스날, 개선, 디렉스, 버텍스",TRUE,"스템밀, 헤라","헤라, 스템밀",FALSE,,x,FALSE,x,TRUE,o,TRUE,건식사우나
고양 행신점,헬스·필라테스,신규,,350평,지상6층까지 3시간,"뉴텍, 짐레코, 파나타","뉴텍,파나타,짐레코",TRUE,"DRAX, 마이미운틴, 스테어클라이머, 싸이클","디랙스(런닝머신,싸이클,마이미운틴,스테어클라이머)",FALSE,,x,FALSE,x,TRUE,o,TRUE,카페
당산역점,헬스·필라테스,신규,2016-08-22,250평,주차 유료 2시간 가능,"뉴텍, 마스터프로, 부티빌더, 아스날, 테크노짐","뉴텍,아스날,테크노짐,부티빌더,마스터프로",TRUE,DRAX,디렉스,FALSE,,x,FALSE,x,TRUE,o,FALSE,x
대전 터미널점,헬스·필라테스·골프,신규,2006-03-23,400평,,뉴텍,뉴텍,TRUE,"DRAX, 마이마운틴, 스탭밀, 싸이클","디렉스(런닝머신,싸이클,스탭밀,마이마운틴)",FALSE,,X,FALSE,X,TRUE,O,FALSE,X
배곧점,헬스·필라테스,인수,2001-06-23,400평,지하주차장 3시간 무료,"너틸너스, 뉴텍, 부티빌더, 스타트랙, 아스날, 해머스트렝스","뉴텍,부티빌더,스타트렉,헤머,너틸너스,아스날스트렝스",TRUE,"DRAX, 마이마운틴, 스텝밀, 싸이클","디렉스(런닝머신,싸이클,스텝밀,마이마운틴)",TRUE,"스피닝, 줌바, 요가, 그룹운동","스피닝, 줌바, 요가, 그룹운동",TRUE,o,TRUE,o,TRUE,"힐링존,카페테리아"
부천역점,헬스·필라테스·골프,인수,2020-08-22,783평,주차 2시간 30분 무료,"DRAX, 뉴텍, 프라임, 해머스트렝스, 호이스트","뉴텍,해머 스트랭스,프라임,호이스트,디랙스",TRUE,"매트릭스, 헤라","헤라,매트릭스",TRUE,O,O,TRUE,O,TRUE,O,TRUE,건식사우나
불광점,헬스·필라테스,신규,,250평,지하주차장 2시간 무료,"너틸러스, 뉴텍, 로저스, 부티빌더, 스타트랙, 아스날, 짐레코, 해머스트렝스","로저스,짐레코,스타트렉,뉴텍, 헤머, 부티빌더, 아스널, 너틸러스",TRUE,"DRAX, 마이마운틴, 스텝밀, 싸이클","디랙스(러링머신,싸이클,스텝밀,마이마운틴)",TRUE,기구필라테스,기구필라테스,TRUE,o,TRUE,o,TRUE,힐링존
서울시청점,헬스·필라테스,신규,2016-08-22,500평,"지상, 지하 최대 2시간 무료","DRAX, 뉴텍","뉴텍, 디랙스",TRUE,"DRAX, 마이미운틴, 스테어클라이머, 싸이클","디랙스(런닝머신,싸이클,마이미운틴,스테어클라이머)",FALSE,,X,FALSE,x,TRUE,o,FALSE,x
안산 상록수점,헬스·필라테스,인수,2027-03-23,440평,시간무제한 ,"뉴텍, 싸이벡스, 아스날, 짐80, 테크노짐, 해머스트렝스","뉴텍,테크노짐,아스널,헤머,짐80,사이벡스",TRUE,"DRAX, 마이마운틴, 스텝밀, 싸이클","디렉스(런닝머신,싸이클,스텝밀,마이마운틴)",TRUE,"기구필라테스, 슬릭부스트","기구필라테스,슬릭부스트",FALSE,X,TRUE,O,FALSE,X
안산 중앙점,헬스·필라테스·골프,신규,2023-06-26,1000 평,지하주차장 4시간 무료,"뉴텍, 라이프, 부티빌더, 싸이벡스, 아스날, 짐80, 테크노짐, 파나타, 프라임, 프리모션, 해머스트렝스, 호이스트","뉴텍, 짐80, 라이프, 헤머, 부티빌더, 호이스트, 테크노짐,싸이벡스,파나타,프리모션,프라임,아스날",TRUE,"DRAX, 마이마운틴, 스텝밀, 싸이클","디렉스(런닝머신, 싸이클, 스텝밀, 마이마운틴)",TRUE,"줌바, 요가, 매트필라테스","줌바, 요가, 매트필라테스",FALSE,x,TRUE,o,TRUE,야외테라스 
용문역점,헬스·필라테스,신규,2004-12-23,500평,지하주차장 3시간 무료,"너틸러스, 뉴택, 부티빌더, 스타트랙, 파나타, 해머스트렝스","뉴택,해머,부티빌더,너틸러스,스타트렉,파나타",TRUE,"DRAX, 매트릭스","디렉스, 매트릭스 스텝밀",TRUE,기구필라테스,기구필라테스,FALSE,x,TRUE,ㅇ,FALSE,x
일산 주엽점,헬스·필라테스·골프,신규,2008-05-23,576평,지하3층주차장 3시간 무료,"뉴텍, 해머스트렝스","뉴텍, 해머스트랭스",TRUE,"DRAX, 마이마운틴, 스텝밀, 싸이클","디렉스(런닝머신,싸이클,스텝밀,마이마운틴)",FALSE,,X,FALSE,X,TRUE,O,FALSE,X
지점 명,헬스·필라테스·골프,입점형태,,평형 수(전용면적),주차 시설,웨이트기구,웨이트기구,TRUE,트레드밀,트레드밀,TRUE,G.X,G.X,TRUE,안마의자,TRUE,스트레칭존,TRUE,부대시설
 nc대전유성점,헬스,신규,2025-10-22,150평,주차3시간 무료,"뉴텍, 아틀란티스","뉴텍,아틀란티스",TRUE,DRAX,디렉스,FALSE,,x,FALSE,x,FALSE,0,FALSE,x
 가락점,헬스·필라테스·골프·수영,인수,2021-04-19,2000평,지하주차장 정기권 판매 107중 107대 프라임회원권(300만원) 으로 판매완료 / 그 외 유료,"뉴텍, 싸이벡스, 테크노짐, 프라임, 헤머스트렝스","뉴텍,테크노짐,프라임,헤머스트렝스,싸이벡스",TRUE,헤라9000,헤라 9000,TRUE,"전신근력, 에어로빅, 요가, 매트필라테스","전신근력,에어로빅,요가,매트필라테스",FALSE,X,TRUE,O,TRUE,사우나
 가양역점,헬스·필라테스,인수,2021-12-27,400평,3시간 무료이용,"뉴택, 아틸란티스, 테크노짐, 프라임, 해머스트렝스, 호이스트","테크노짐,해머스트랭스,프라임,아틸란티스,뉴택,호이스트",TRUE,DRAX,디렉스,FALSE,,x,FALSE,X,TRUE,O,FALSE,X
 가오점,헬스·필라테스,신규,2028-12-22,390평,"건물내 지하주차 기계식 무료 , 위든문구 주차타워 2시간 지원","뉴텍, 짐80","뉴텍 , 짐80",TRUE,DRAX,DRAX,TRUE,기구필라테스,기구필라테스,FALSE,x,TRUE,O,TRUE,"크로스핏,야외테라스"
 강남고속터미널점,헬스·필라테스,신규,2001-11-21,400평,"일일권제외 신세계,터미널사잇길주차 2시간 가능 PT회원 3시간 가능, 추가 10분당 1000원","뉴택&아틀란티스&GYM80, 아틀란티스","뉴택&아틀란티스&GYM80, 아틀란티스",TRUE,헤라9000,헤라9000,FALSE,,X,FALSE,X,TRUE,O,FALSE,X
 강남역점,헬스·필라테스,인수,2021-09-01,500평,지하주차장 지하3~6층 무료X 유료주차 1시간4000원 할인권판매,"Gym80, 아스날, 아틀란티스, 짐레코, 테크노짐, 파나타, 프라임, 프리모션, 호이스트","아스널,프라임,Gym80, 파나타, 프리모션, 아틀란티스,테크노짐, 호이스트, 짐레코,  ",TRUE,"DRAX, 매트릭스, 스피릿스텝퍼, 헬스원싸이클","DRAX 트레드밀,헬스원싸이클,스피릿스텝퍼,매트릭스 스텝밀",TRUE,인요가,인요가,TRUE,o,TRUE,o,TRUE,"건식사우나, 태닝"
 건대스타시티몰점,헬스·필라테스·골프,인수,2021-11-01,600평,"지하2,3층 주차가능 , 4시간 무료, 4시간 이후 추가요금 발생","뉴텍, 라이프, 테크노짐, 플렉스.스타트렉","테크노짐, 라이프, 뉴텍, 플렉스. 스타트렉",TRUE,"테크노짐, 테하스택스","테하스택스, 테크노짐",TRUE,"줌바, 요가, 근력운동, 에어로빅","줌바,요가,근력운동,에어로빅",FALSE,x,TRUE,ㅇ,TRUE,"사우나, 목욕탕"
 관저점,헬스·필라테스,인수,2020-03-01,500평,"지하주차장 3시간 무료가능(초과시 최초 30분 1000원, 추가10분당 200원 / 일 최대요금 15,000원)","뉴텍, 아스날, 프리모션, 해머스트렝스","뉴텍,아스널,해머스트렝스,
프리모션",TRUE,DRAX,디랙스,TRUE,"에어로빅, 매트필라테스, 줌바, 요가, 다이어트댄스, 점핑, 스피닝","에어로빅,매트필라테스,줌바,
요가,다이어트댄스,점핑,스피닝
",FALSE,X,TRUE,O,TRUE,목욕탕/사우나
 구서점,헬스·필라테스,인수,2018-01-21,290평,"구서1동 공용주차장 1시간무료 ,추가 시간당 1000원","DRAX, 뉴텍, 테크노짐","뉴텍,테크노짐,디렉스",TRUE,"마이마운틴, 테크노짐","테크노짐 스텝밀,마이마운틴",TRUE,요가 줌바 스피닝,요가 줌바 스피닝,FALSE,x,TRUE,o,FALSE,x
 권선점,헬스·필라테스, 신규,2021-07-05,300평,"롯데마트 지하B2,3,4 - 3시간 무료 (마트 영업 휴무일은 운영x)","뉴텍, 로저스, 아스날, 짐레코, 테크노짐, 펜듈럼, 프리모션, 해머스트렝스","뉴텍, 테크노짐, 아스날, 프리모션, 해머스트렝스, 짐레코,펜듈럼,로저스",TRUE,"매트릭스, 헬스원","헬스원 ,매트릭스",FALSE,,x,TRUE,o,TRUE,o,FALSE,x
 남포점,헬스·필라테스,인수,2019-12-23,340평대 ,와이즈파크 지하 주차장 3시간 무료,"뉴텍, 매트릭스, 스타트랙, 헤머스트렝스","헤머스트렝스 , 스타트렉, 메트릭스 , 뉴텍",FALSE,,,TRUE,"요가, 필라테스, 스피닝","요가,필라테스,스피닝",FALSE,X,TRUE,O,FALSE,X
 두정점,헬스,신규,2021-07-20,400평,1층 주차 시간제한없음,"너틸러스, 뉴텍, 라이프휘트니스, 스타트랙, 싸이벡스, 아스날, 테크노짐, 해머스트렝스","해머스트렝스,라이프휘트니스,뉴텍,테크노짐,아스날스트랭스,스타트랙,싸이백스,뉴텍,너틸러스",TRUE,"렉스코싸이클, 마이마운틴, 애니휘트니스, 테크노짐, 파워플레이트, 펌프",테크노짐/애니휘트니스/테크노짐스탭밀/마이마운틴/렉스코싸이클/파워플레이트/펌프,FALSE,,x,FALSE,x,TRUE,o,FALSE,x
 둔산점,헬스·필라테스,양도양수,2018-12-01,400평,지하주차장 2시간무료/초과시 30분당 1500원,"너틸러스, 뉴텍, 라이프휘트니스, 싸이벡스, 아스날, 짐레코, 프리모션, 해머스트렝스","뉴텍,아스널,해머,싸이백스,너틸러스,프리모션,라이프피트니스,짐레코",TRUE,"DRAX, 다이아몬드트레드밀, 테크노짐","다이아몬드 트레드밀, 테크노짐 스텝밀+디렉스스텝밀, 디렉스 입식+좌식 싸이클",FALSE,,X,FALSE,X,TRUE,O,FALSE,X
 롯데광복점,헬스·필라테스,신규,2009-03-23,400평,롯데백화점 광복점 지하주차창 3시간 무료,뉴텍,뉴텍,TRUE,DRAX,DRAX,FALSE,,x,FALSE,x,FALSE,x,FALSE,x
 롯데대구역점,헬스,신규,,,롯데백화점 주차장 3시간 무료,"뉴텍온힘, 아스날, 왓슨, 파나타","파나타,아스날,왓슨,뉴텍온힘",TRUE,"DRAX, 매트릭스, 스텝밀, 싸이클","매트릭스(런닝머신,스텝밀,싸이클),디렉스(마이마운틴)",FALSE,,X,FALSE,X,TRUE,O,FALSE,X
 매탄점,헬스,신규,2016-05-22,350평 ,3시간 무료 이용 ,"뉴텍, 매트릭스, 아틀란티스, 테크노짐, 프리모션","아틀란티스, 뉴텍,테크노짐,매트릭스,프리모션",TRUE,"매트릭스, 헤라","매트릭스, 헤라(헬스원)",FALSE,,x ,TRUE,o,TRUE,o,TRUE,"목욕탕 , 사우나 "
 목원대점,헬스,신규,,150평,,"뉴텍온힘, 부티빌더, 싸이벡스, 아스날, 파나타, 해머스트렝스","파나타,아스날,부티빌더,뉴텍온힘,해머스트랭스,싸이벡스",TRUE,"매트릭스, 스텝밀, 싸이클","매트릭스 ( 런닝머신 ,스텝밀,싸이클 )",FALSE,,X,FALSE,X,TRUE,O,FALSE,X
 문래역점,헬스,신규,2021-03-15,180평,"홈플러스 지하2층,지상3,4,5층 (4시간 무료),4시간 이후 추가요금 발생",뉴택,뉴택,TRUE,매트릭스,매트릭스,FALSE,,X,TRUE,O,TRUE,O,FALSE,X
 문정점,헬스,신규,,,,"뉴텍, 다이나믹, 부티빌더, 왓슨, 짐레코, 파나타, 프라임","파나타,왓슨,프라임,다이나믹,뉴텍,부티빌더,짐레코",TRUE,"DRAX, 매트릭스, 스텝밀, 싸이클","매트릭스(러닝머신,스텝밀,싸이클) / 디랙스(마이마운틴)",FALSE,,없음,FALSE,,FALSE,,FALSE,
 병점점,헬스·골프,인수,,,,"뉴텍신형, 다이나믹, 렙콘, 부티빌더, 신코, 싸이벡스, 왓슨, 파나타, 해머스트렝스","파나타, 왓슨, 사이벡스, 해머스트랭스, 부티빌더, 사이벡스, 다이나믹, 뉴텍신형, 신코, 렙콘",TRUE,"매트릭스, 스텝밀, 싸이클","매트릭스 ( 런닝머신 ,스텝밀,싸이클 )",TRUE,기구필라테스스,기구필라테스스,FALSE,,FALSE,,FALSE,
 복대점,헬스·필라테스,신규,2020-01-01,350평대,"지하주차장 2시간 무료, 30분에 1000원","뉴텍, 아스날, 테크노짐, 해머스트렝스","뉴텍, 아스널, 해머스트렝스, 테크노짐, ",TRUE,애니피트니스,애니피트니스,TRUE,"줌바, 요가, 다이어트댄스","줌바,요가,다이어트댄스",FALSE,x,TRUE,o,FALSE,x
 분당 정자점,헬스·필라테스,,,350,건물내 지하추자창 무료 2시간,"뉴텍, 부티빌더, 아스날, 왓슨, 짐레코, 짐팔공, 파나타, 포커스, 프라임, 헤머스트랭스","파나타, 왓슨, 프라임, 헤머스트랭스, 아스날, 부티빌더, 포커스, 짐레코, 짐팔공, 뉴텍",TRUE,"매트릭스, 스텝밀","매트릭스(런닝머신, 스텝밀) 디렉스(마이마운틴) 비전(싸이클) 싸이벡스(아크트레이너)",TRUE,기구필라테스 6:1,기구필라테스 6:1,FALSE,0,FALSE,0,TRUE,라운지
 비전점,헬스·필라테스·골프,인수,2019-07-03,450평,3시간 가능(초과시 30분 1000원),"뉴텍, 다이나벡, 라이프휘트니스, 로져스, 프라임, 프리모션, 해머스트렝스","뉴텍,해머스트렝스,라이프휘트니스,프리모션,프라임,로져스,다이나벡",TRUE,"애니휘트니스, 헬스원싸이클","애니휘트니스,헬스원싸이클",TRUE,"스피닝, 줌바, 요가, 플라잉요가","스피닝,줌바,요가,플라잉요가",FALSE,X,TRUE,O,FALSE,X
 사상점,헬스·필라테스,인수,2019-04-01,250평,건물타워주차 2시간30분무료 / 초과시 30분당 1500원,"뉴텍, 테크노짐","뉴텍, 테크노짐",TRUE,"사노트리노트렌드밀, 헬스원싸이클",사노트리노트렌드밀 / 헬스원싸이클,FALSE,,x,FALSE,x,TRUE,O,FALSE,X
 상암MBC점,헬스·필라테스,신규,2021-04-15,300평,"MBC몰 주차장(3번 게이트) 2시간 무료
초과 시, 10분 500원","뉴텍, 라이프휘트니스, 아스날, 테크노짐, 파나타, 프라임, 프리모션, 해머스트렝스","뉴텍, 테크노짐, 라이프피트니스
해머스트렝스, 프리모션, 파나타, 아스날스트랭스, 프라임 ",TRUE,헤라9000,헤라9000,FALSE,,X,FALSE,X,TRUE,O,FALSE,X
 상현점,헬스,신규,2009-02-23,170평,지하 주차장 3시간무료 200대 가능,뉴텍,뉴텍 짐80 포커스,TRUE,렉스코스테어마스터,렉스코 스테어마스터,FALSE,,x,TRUE,o,TRUE,o,TRUE,힐링존
 서면점,헬스,인수,2021-09-01,500평,"주차장 B1층,7층 무료X 유료주차 1시간3000원","DRAX, 뉴텍, 아스날, 테크노짐, 포커스, 호이스트","뉴텍,아스널,호이스트,테크노짐,포커스,디렉스",TRUE,"DRAX, 테크노짐","테크노짐, 디렉스",TRUE,스크린 라이브방송 GX,스크린 라이브방송 GX,FALSE,,TRUE,o,FALSE,X
 선릉점,헬스·필라테스·골프,인수,2021-12-13,500평,지하3~7층 무료주차 2시간 (30분까지 600원요금 추후 10분당 1000원),"뉴텍, 렉스코, 로저스, 짐80, 테크노짐, 호이스트","짐80,뉴텍,호이스트,테크노짐,렉스코,로저스",TRUE,DRAX,DRAX,FALSE,,X,FALSE,X,TRUE,O,TRUE,건식 사우나
 송촌점,헬스·필라테스,인수,2020-10-22,600평,지하 1층 무료주차 제외 외부 2시간 월 2만원  주차가능시간(2시간) 초과시 추가요금 발생,"뉴텍, 테크노짐, 프리모션","테크노짐,뉴텍,프리모션",TRUE,헤라9000,헤라9000,TRUE,"요가, 필라, 줌바, 에어로빅, 점핑, 스피닝","요가,필라,줌바,에어로빅,
점핑,스피닝",FALSE,X,TRUE,O,TRUE,목욕탕/사우나
 수내점,헬스·필라테스,신규,2001-12-21,270평,주차무료,"뉴텍, 라이프, 렉스코, 매트릭스, 아스날, 테크노짐, 해머스트렝스","아스널,뉴텍,라이프,테크노짐,매트릭스,해머,렉스코",TRUE,"매트릭스, 헤라","매트릭스,헤라",TRUE,기구필라테스,기구필라테스,FALSE,X,TRUE,O,FALSE,X
 시청점,헬스·필라테스,인수,2019-10-20,500평,지하주차장 3시간무료(30분당 700원 주차비 발생합니다.)suv불가,"뉴텍, 호이스트","뉴텍,호이스트",TRUE,투비원,투비원,FALSE,,X,FALSE,X,TRUE,O,FALSE,X
 신논현점,헬스·필라테스,인수,2001-04-22,300평,2시간무료,"뉴텍, 라이프, 아틀란티스, 인투, 짐80, 테크노짐","라이프,테크노짐,인투,뉴텍,아틀란티스,짐80",TRUE,"DRAX, 스텍스","디렉스,스텍스",TRUE,기구필라테스,기구필라테스,FALSE,X,FALSE,,FALSE,
 신봉점,헬스·필라테스·골프,인수,2022-07-01,600평,"주차 2시간 무료(최대 3시간까지, 1시간 1000원)","너틸러스, 뉴텍, 싸이벡스, 아스날, 이카리안, 크로스엑시스테크, 프리코, 해머스트렝스","해머스트렝스, 아스널, 사이벡스, 너틸러스, 프리코
크로스엑시스테크, 이카리안, 뉴텍 ",TRUE,"사노트, 인텐자","사노트(런닝머신), 인텐자(스텝밀)",TRUE,"에어로빅, 다이어트댄스, 줌바, 요가","에어로빅, 다이어트댄스, 줌바, 요가",FALSE,X,TRUE,o,TRUE,건식 사우나
 신부점,헬스·필라테스,인수,2018-02-01,500평,"B1층 B2층 최대 3시간 무료/이후 30분 1,000원 부과","너틸러스, 뉴텍, 라이프휘트니스, 아스날, 테크노짐, 프리모션, 해머스트렝스","뉴텍,아스널,해머스트렝스,노틸러스,프리모션,테크노짐,라이프휘트니스",TRUE,"가온싸이클, 애니휘트니스, 테크노짐, 파워플레이트",애니휘트니스/가온싸이클/테크노짐스텝밀/파워플레이트,TRUE,"요가, 필라테스, 스피닝","요가,필라테스,스피닝",FALSE,X,TRUE,O,FALSE,X
 신촌점,헬스·필라테스·골프·수영,인수,2020-10-26,2000평,"건물내 주차장 3시간무료 추가10분당 200원/  버티고 주차장이용(외제차량 및 큰차량) 3시간무료 ,추가 10분당1000원, 발렛비2000원발생","뉴텍, 짐80, 테크노짐, 프라임, 해머스트렝스","해머스트렝스,뉴텍,테크노짐,프라임,짐80",TRUE,"마이마운틴, 매트릭스, 테크노스텝퍼, 테크노싸이클론, 헤라싸이클, 헬스원","헬스원,마이마운틴,헤라 싸이클/ 테크노 스텝퍼/테크노 싸이클론/ 메트릭스 스테어마스터 ",TRUE,"요가, 필라테스, 에어로빅, 아쿠아로빅, 줌바","요가,필라테스,에어로빅,아쿠아로빅,줌바",FALSE,x,TRUE,o,TRUE,"스쿼시.목욕탕,사우나"
 쌍용점,헬스·필라테스,인수(회사내),2016-11-01,200평,B1층 B2층 시간제한없음 ,"뉴텍, 라이프휘트니스, 매드케이지, 테크노짐, 해머스트렝스, 호이스트","해머스트렝스,라이프휘트니스,뉴텍,테크노짐,호이스트,해머스트랭스,매드케이지",TRUE,"스타트랙, 애니휘트니스, 임펄스싸이클, 테크노짐",스타트랙 싸이클/임펄스싸이클/애니휘트니스/테크노짐/테크노짐스탭밀,TRUE,필라테스,필라테스,FALSE,X,TRUE,O,FALSE,X
 여의도역점,헬스·필라테스·골프,인수,,500평,"한국노총 지하 (3시간 무료),초과시 10분 500원","뉴텍, 싸이벡스, 아스날, 테크노짐, 프라임, 해머스트렝스","아스널,헤머,사이벡스,테크노짐,프라임,뉴텍",TRUE,"stex, 싸이벡스","사이벡스 , stex",FALSE,,x,FALSE,x,TRUE,o,FALSE,x
 여의도점,헬스·필라테스,인수,2019-12-24,250평,"지상,지하주차장 2시간무료 (최초 입차시간 기준 30분에 2000원,그 이후 10분당 1000원)","뉴텍, 라이프휘트니스, 아스날, 테크노짐, 프라임, 프리모션, 해머스트렝스","뉴텍, 라이프휘트니스, 해머스트랭스,  프라임, 프리모션, 테크노짐, 아스날스트랭스",TRUE,"스테어마스터, 헤라트레드밀","헤라 트레드밀, 스테어마스터 ",FALSE,,x,TRUE,o,TRUE,o,FALSE,x
 연산점,헬스·필라테스,인수,2019-12-16,220평,목화주차장 2시간 무료  초과시10분당 1000원,뉴텍,뉴텍 호이스트 ,TRUE,"REDON, 헬스원싸이클","REDON,헬스원싸이클",FALSE,,X,FALSE,x,FALSE,0,FALSE,x
 영등포점,헬스·필라테스,신규,2019-07-01,300평,에이스하이테크 전용주차장 18시 이전 2시간/18시 이후 5시간 제공 /30분당 1000원,"너틸러스, 뉴텍, 다이나벡, 로저스, 싸이벡스, 짐레코, 테크노짐, 프라임, 프리모션, 해머스트렝스","뉴텍,해머,테크노짐,너틸러스,프라임,싸이벡스,다이나벡,로저스,짐레코,프리모션",TRUE,"싸이백스아크트레이너, 애니휘트니스트레드밀, 테크노짐, 헬스원싸이클","애니휘트니스 트레드밀 ,테크노짐스텝밀 ,헬스원싸이클, 싸이백스아크트레이너",FALSE,,x,TRUE,o,TRUE,o,FALSE,x
 영통 판타지움점,헬스,신규,,150평,"지상,지하주차장 3시간무료","뉴텍, 부티빌더, 싸이벡스, 아스날, 아틀란티스, 왓슨, 포커스, 프리모션, 해머스트렝스","뉴텍,헤머,왓슨,부티빌더,싸이벡스,아틀란티스,아스날,포커스,프리모션",TRUE,"DRAX, 매트릭스, 싸이클","디렉스 런닝머신,싸이클/메트릭스 천국의계단",FALSE,,x,FALSE,x,TRUE,o,FALSE,x
 을지로점,헬스·필라테스,인수,2016-05-22,"380평(헬스,골프포함)",주차가능 주차지원없음 시간당 6000원,"뉴텍, 아틀란티스, 카이로스","뉴텍, 아틀란티스, 카이로스",TRUE,"KT820T, 헤라","헤라(헬스원), KT820T",FALSE,,x,FALSE,x,TRUE,o,FALSE,x
 인계점,헬스·필라테스·골프,신규,2020-04-06,1000평,무료주차 3시간 30분가능 / 추가 10분당 500원,"뉴텍, 라이프휘트니스, 스타트랙, 아스날, 테크노, 플랙스, 해머스트렝스","아스널, 해머 스트렝스, 뉴텍, 라이프 피트니스, 테크노, 스타트랙, 플랙스",TRUE,DRAX,DRAX,TRUE,"크로스핏, 기구필라테스","크로스핏 , 기구필라테스",TRUE,O,TRUE,O,TRUE,"크로스핏,사우나"
 잠실점,헬스·필라테스,신규,2020-10-12,330평,"갤러리아팰리스 상가 주차장(2시간무료), 초과시 30분 1500원","뉴택, 아스날, 테크노짐, 프리모션, 해머스트렝스","아스널,해머스트렝스,프리모션,테크노짐,뉴택",TRUE,DRAX,DRAX,FALSE,,x,FALSE,x,TRUE,o,FALSE,x
 장안점,헬스·필라테스,인수,2020-08-01,600평,지하주차장 3시간 30분 무료(30분당 2000원 주차비 발생합니다.),"뉴텍, 아스날, 프라임, 프리모션, 해머스트렝스","해머스트렝스,뉴텍,아스날스트랭스,프라임,프리모션",TRUE,"DRAX, 테크노짐, 헬스원싸이클","디렉스 트레드밀 ,테크노짐스텝밀 ,헬스원싸이클, 테크노짐 아크트레이너",TRUE,"요가, 필라, 줌바, 에어로빅, 스피닝, 전신근력","요가,필라,줌바,에어로빅,
,스피닝, 전신근력",FALSE,X,TRUE,O,FALSE,X
 천천점,헬스,신규,,250평,롯데마트 주차장 무료3시간,"뉴텍, 매트릭스울트라, 부티빌더, 아스날, 아틀란티스, 왓슨, 파나타, 프라임, 해머스트렝스","왓슨,파나타,해머스트랭스,아스날,프라임,부티빌더,아틀란티스,매트릭스울트라,뉴텍",TRUE,"매트릭스, 스텝밀, 싸이클","매트릭스(런닝머신,스텝밀,싸이클)",FALSE,,X,TRUE,O,TRUE,O,FALSE,X
 철산점,헬스,인수,2020-06-01,300평,지상 타워주차 2시간 무료가능,"뉴텍, 아스널스트렝스, 프라임","아스널스트렝스,뉴텍,프라임 머신",TRUE,"DRAX, 좌식, 헬스원","디랙스 트레드밀, 헬스원(입,좌식)싸이클",TRUE,"요가, 줌바, 필라테스, 스피닝","요가,줌바,필라테스,스피닝",FALSE,X,TRUE,O,FALSE,X
 탄방점,헬스·필라테스,인수,2020-01-14,400평,JK지상 주차장 3시간 무료/ 30분당 1500원 추가 ,"뉴텍, 아스날, 테크노짐, 해머스트렝스","뉴텍, 아스널, 해머스트렝스, 테크노짐, ",TRUE,"사노트리노, 헬스원","사노트리노, 헬스원",TRUE,"에어로빅, 줌바, 매트필라테스, 스피닝, 점핑, 바디플랙스","에어로빅, 줌바, 매트필라테스, 스피닝, 점핑, 바디플랙스,",FALSE,X,FALSE,0,FALSE,X
 테크노밸리점,헬스,인수,2018-05-22,300평,건물내 지하2층까지 2시간/건너편 다이소건물 2시간 무료,"뉴텍, 위너핏, 호이스트","뉴텍, 위너핏 , 호이스트 ",TRUE,"DRAX, 트레드밀매트릭스","디렉스, 트레드밀 매트릭스",TRUE,"줌바, 요가, 단체PT, 매트필라테스, 점핑","줌바,요가,단체PT,매트필라테스,점핑",FALSE,X,TRUE,O,FALSE,X
 평택역점,헬스·필라테스,인수(회사내),2021-07-01,400평,타워주차 (소형 및 승용차) 시간제한 없음 / 합정공영주차장 무료주차 2시간(주차권 1800원 제공) / 종료시(1시간 이상) 할증추가요금 발생 10분당 300원,"너틸러스, 뉴텍, 라이프휘트니스, 스타트랙, 프리모션, 해머스트렝스","해머스트렝스, 스타트랙, 뉴텍, 라이프휘트니스, 프리모션, 너틸러스",TRUE,"매트릭스, 스피릿스텝퍼, 애니휘트니스, 임펄스일렙티컬, 파워플레이트, 헬스원싸이클",애니휘트니스 / 헬스원 싸이클 / 매트릭스 스텝밀 / 스피릿 스텝퍼 / 임펄스 일렙티컬 / 파워플레이트 ,FALSE,,X,TRUE,O,TRUE,O,FALSE,X
 하단점,헬스, 신규,2017-09-21,200평,4층 옥상주차장 무료 1시간 제공,"뉴텍, 포커스","뉴텍, 포커스 ",TRUE,헬스원테크노짐트루,헬스원 테크노짐 트루,FALSE,,x,FALSE,x,FALSE,x,FALSE,x
 학동역점,헬스·필라테스,인수,2021-11-08,280평,유료주차 2시간 6000원 할인권 판매,"DRAX, 뉴텍, 아스날, 짐80, 테크노짐, 호이스트","테크노짐, 아스널, 뉴텍, 호이스트, 짐80, 디랙스, ",TRUE,"DRAX, 테크노짐","디렉스 트레드밀, 디렉스 사이클, 테크노짐 클라이밀",FALSE,,x,FALSE,x,TRUE,o,TRUE,건식 사우나
 홍대점,헬스·필라테스,신규,2001-01-23,350,지하주차장 평일2시간 무료 주말x,"DRAX, 뉴텍, 테크노짐, 파나타, 헤머스트랭스","뉴텍,디렉스,헤머스트랭스,파나타,테크노짐",TRUE,"DRAX, 마이마운틴, 스탭밀, 싸이클","디렉스(런닝머신,싸이클,스탭밀,마이마운틴)",FALSE,,,FALSE,X,TRUE,O,FALSE,X
&전주스파 전주송천점,헬스·필라테스·골프,신규,2001-11-22,1400평,주차 4시간 무료,"뉴텍, 호이스트","호이스트, 뉴텍",TRUE,"매트릭스, 헤라","헤라, 매트릭스",TRUE,기구필라테스,기구필라테스,FALSE,X,TRUE,O,TRUE,"목욕탕,사우나"
헬스보이홀딩스 판교역점,헬스,신규,,200평,지하주차장 3시간무료,"뉴텍, 로져스, 부티빌더, 아틀란티스, 파나타","뉴텍 온힘 , 부티빌더 , 파나타,아틀란티스,로져스",TRUE,"DRAX, 매트릭스",디랙스 런닝머신 싸이클 / 메트릭스 천국의계단,FALSE,,x,FALSE,x,FALSE,0,FALSE,x
